id,first_name,last_name,gender,email_domain
1,James,Smith,M,james.smith@example.com
2,Mary,Johnson,F,mary.johnson@example.com
3,John,Williams,M,john.williams@example.com
4,Patricia,Brown,F,patricia.brown@example.com
5,Robert,Jones,M,robert.jones@example.com
6,Jennifer,Garcia,F,jennifer.garcia@example.com
7,Michael,Miller,M,michael.miller@example.com
8,Linda,Davis,F,linda.davis@example.com
9,William,Rodriguez,M,william.rodriguez@example.com
10,Elizabeth,Martinez,F,elizabeth.martinez@example.com
11,David,Hernandez,M,david.hernandez@example.com
12,Susan,Lopez,F,susan.lopez@example.com
13,Richard,Gonzalez,M,richard.gonzalez@example.com
14,Jessica,Wilson,F,jessica.wilson@example.com
15,Joseph,Anderson,M,joseph.anderson@example.com
16,Sarah,Thomas,F,sarah.thomas@example.com
17,Thomas,Taylor,M,thomas.taylor@example.com
18,Karen,Moore,F,karen.moore@example.com
19,Charles,Jackson,M,charles.jackson@example.com
20,Nancy,Martin,F,nancy.martin@example.com
21,Daniel,Lee,M,daniel.lee@example.com
22,Lisa,Perez,F,lisa.perez@example.com
23,Matthew,Thompson,M,matthew.thompson@example.com
24,Margaret,White,F,margaret.white@example.com
25,Anthony,Harris,M,anthony.harris@example.com
26,Sandra,Sanchez,F,sandra.sanchez@example.com
27,Mark,Clark,M,mark.clark@example.com
28,Ashley,Ramirez,F,ashley.ramirez@example.com
29,Donald,Lewis,M,donald.lewis@example.com
30,Dorothy,Robinson,F,dorothy.robinson@example.com
31,Steven,Walker,M,steven.walker@example.com
32,Betty,Young,F,betty.young@example.com
33,Paul,Allen,M,paul.allen@example.com
34,Helen,King,F,helen.king@example.com
35,Andrew,Wright,M,andrew.wright@example.com
36,Amanda,Scott,F,amanda.scott@example.com
37,Joshua,Torres,M,joshua.torres@example.com
38,Melissa,Nguyen,F,melissa.nguyen@example.com
39,Kevin,Hill,M,kevin.hill@example.com
40,Deborah,Flores,F,deborah.flores@example.com
41,Brian,Adams,M,brian.adams@example.com
42,Michelle,Rivera,F,michelle.rivera@example.com
43,Edward,Campbell,M,edward.campbell@example.com
44,Carol,Mitchell,F,carol.mitchell@example.com
45,Jason,Carter,M,jason.carter@example.com
46,Ruth,Roberts,F,ruth.roberts@example.com
47,Kenneth,Turner,M,kenneth.turner@example.com
48,Sharon,Phillips,F,sharon.phillips@example.com
49,Brian,Parker,M,brian.parker@example.com
50,Laura,Evans,F,laura.evans@example.com